INSERT INTO provider (id_provider, name_provider, adress, name_manager, surname_manager, patronymic_manager, phone_manager)
VALUES
(1, 'Поставщик 1', 'Москва, ул. Ленина, 1', 'Иван', 'Иванов', 'Иванович', '89160000001'),
(2, 'Поставщик 2', 'Москва, ул. Пушкина, 2', 'Петр', 'Петров', 'Петрович', '89160000002'),
(3, 'Поставщик 3', 'Санкт-Петербург, ул. Невского, 3', 'Алексей', 'Алексеев', 'Алексеевич', '89160000003'),
(4, 'Поставщик 4', 'Казань, ул. Гайдара, 4', 'Сергей', 'Сергеев', 'Сергеевич', '89160000004'),
(5, 'Поставщик 5', 'Екатеринбург, ул. Маяковского, 5', 'Дмитрий', 'Дмитриев', 'Дмитриевич', '89160000005');

INSERT INTO person (id_person, name, surname, patronymic, phone) VALUES
(1, 'Иван', 'Иванов', 'Иванович', '89012345678'),
(2, 'Анна', 'Смирнова', 'Владимировна', '89098765432'),
(3, 'Петр', 'Кузнецов', 'Алексеевич', '89123456789'),
(4, 'Мария', 'Петрова', 'Сергеевна', '89011223344'),
(5, 'Дмитрий', 'Сидоров', 'Викторович', '89998887766');

INSERT INTO master (id_master, date_of_birth, specialization, experience, work_rate, id_person)
VALUES
(1, to_date('1980-01-15', 'YYYY-MM-DD'), 'Автомеханик', 10, 1.5, 1), -- Связь с person с id 1
(2, to_date('1985-03-22', 'YYYY-MM-DD'), 'Электрик', 8, 1.4, 2), -- Связь с person с id 2
(3, to_date('1972-06-10', 'YYYY-MM-DD'), 'Кузовщик', 12, 1.7, 3), -- Связь с person с id 3
(4, to_date('1989-08-04', 'YYYY-MM-DD'), 'Маляр', 6, 1.3, 4), -- Связь с person с id 4
(5, to_date('1970-11-18', 'YYYY-MM-DD'), 'Диагност', 15, 1.8, 5); -- Связь с person с id 5

-- Добавляем автомобили
INSERT INTO car (number, region, year, category, model, body_type, mark, id_person) VALUES
('A123BC', '77', 2020, 'Sedan', 'Corolla', 'Sedan', 'Toyota', 1),
('B456DE', '78', 2021, 'Crossover', 'Kona', 'Crossover', 'Hyundai', 2),
('C789EF', '79', 2018, 'Hatchback', 'Focus', 'Hatchback', 'Ford', 3),
('D987JK', '70', 2022, 'Sedan', 'Accord', 'Luxury', 'Honda', 4),
('E321HJ', '71', 2021, 'Pickup', 'F-150', 'Pickup', 'Ford', 5);

-- Добавляем заказы
INSERT INTO order_ (id_order, date_of_receipt, planned_completion, actual_completion, sum_of_cost, comment, client, number, id_master, id_provider) VALUES
(1, '2024-11-01', '2024-11-05', '2024-11-04', 15000, 'Замена масла', TRUE, 'A123BC', 1, 2),
(2, '2024-11-10', '2024-11-15', '2024-11-14', 25000, 'Техобслуживание', TRUE, 'B456DE', 2, 3),
(3, '2024-12-01', '2024-12-05', NULL, NULL, 'Замена тормозов', TRUE, 'C789EF', 3, 1),
(4, '2024-12-05', '2024-12-10', NULL, NULL, 'Ремонт подвески', TRUE, 'D987JK', 4, 2),
(5, '2024-12-07', '2024-12-12', NULL, NULL, 'Замена тормозных колодок', TRUE, 'E321HJ', 5, 3);

-- Добавляем запчасти
INSERT INTO spare_part (code, name_spare_part, additional_features, quantity, units_of_measurement, cost, category) VALUES
(101, 'Масляный фильтр', 'Для автомобилей Toyota', 10, 'шт', 500, 'Фильтры'),
(102, 'Тормозные колодки', 'Качество OEM', 20, 'шт', 1500, 'Тормоза'),
(103, 'Салонный фильтр', 'Углеродный, антиаллергенный', 15, 'шт', 700, 'Фильтры'),
(104, 'Подвеска', 'Для автомобилей Ford', 8, 'шт', 2000, 'Подвеска'),
(105, 'Ремень ГРМ', 'Для автомобилей Honda', 12, 'шт', 2500, 'Двигатель');

-- Добавляем замененные запчасти
INSERT INTO order_of_spare_part (id_order, code, count) VALUES
(1, 101, 1),  -- Запчасть "Масляный фильтр" в заказе 1
(2, 102, 2),  -- Запчасть "Тормозные колодки" в заказе 2
(2, 103, 1),  -- Запчасть "Салонный фильтр" в заказе 2
(4, 104, 1),  -- Запчасть "Подвеска" в заказе 4
(5, 102, 2);  -- Запчасть "Тормозные колодки" в заказе 5
